id,gender
265,2
2473,2
1835,2
865,2
7404,2
2685,2
6144,2
2580,2
3400,2
2464,2
3404,2
712,2
6663,2
19,2
3353,2
1677,2
6671,2
7572,2
7154,2
789,2
997,2
4228,2
1017,2
5154,2
3145,2
2543,2
4442,2
4956,2
5049,2
1507,2
1515,2
5993,2
4755,2
6543,2
4664,2
5363,2
5389,2
6830,2
1964,2
6503,2
2389,2
7239,2
435,2
4100,2
1793,2
683,2
101,2
7225,2
6447,2
1940,2
2432,2
3786,2
3601,2
5509,2
5821,2
1535,1
5006,2
742,2
5201,2
121,2
7049,2
1097,2
4913,2
7368,2
7045,2
4762,2
3113,2
1302,2
2934,2
7195,2
3885,2
1487,2
1313,2
7439,2
1740,2
6436,2
4078,2
2249,2
1634,2
5671,2
6901,2
2571,2
2208,2
6022,2
3034,2
1123,2
1729,2
921,2
1533,1
4575,2
6883,2
1832,2
2586,2
41,2
3473,2
3018,2
7672,2
1883,2
4923,2
7569,2
3455,2
3855,2
2886,2
5411,2
4409,1
3872,2
7272,2
7784,2
5559,2
1149,2
6237,2
1817,2
80,2
4092,2
812,2
544,2
2345,2
2316,2
838,2
4920,2
2680,2
764,2
0,2
6034,2
5612,2
6687,2
1840,2
747,2
7807,2
2751,2
2570,2
7134,2
5670,2
1718,2
6703,2
5095,2
2288,2
5009,2
6228,2
1544,2
4824,2
2375,2
4489,2
5849,2
4418,2
3023,2
1783,2
4864,2
3185,2
4157,2
6429,2
353,2
4919,2
1786,2
2795,2
4284,2
5457,2
1090,2
6691,2
6573,2
4454,2
1078,1
6920,2
2576,2
5852,2
5684,2
1061,2
7457,2
1615,2
6464,2
4595,2
3405,2
4385,2
6781,2
693,2
7177,2
535,2
4147,2
1047,2
1569,2
1671,1
6958,2
6025,2
1897,2
2569,2
1323,2
2627,2
5472,2
3467,2
6423,2
2447,2
2184,2
167,2
2287,2
5835,2
5403,2
3434,2
1858,2
1502,2
6800,2
538,2
233,2
6083,2
7467,2
1215,2
6135,2
2944,2
2820,2
2653,2
6592,2
3076,2
1575,2
6635,2
1782,2
2799,2
6507,2
7598,2
7340,2
5792,2
3540,2
6479,2
2031,2
7379,2
5251,2
1115,2
6686,2
7512,2
736,2
3994,2
7527,2
5106,2
1420,2
6315,2
7505,2
6699,2
5244,2
1882,2
696,2
4750,2
4371,2
1593,2
7664,2
469,2
156,2
3006,2
1153,2
381,2
1402,2
2689,2
2864,2
1978,2
3717,2
1862,2
491,2
2181,2
2619,2
3782,2
5706,2
2623,2
3954,1
3761,2
2260,2
2229,2
3915,2
1867,2
6201,2
3571,2
5771,2
5990,2
3550,2
1144,2
4063,2
611,2
1670,2
7374,2
6685,2
1335,2
185,2
833,2
3647,2
5130,2
2264,2
7834,2
2272,2
3307,2
2283,1
2488,2
5332,2
3487,2
6292,2
4010,2
7450,2
4217,2
5072,2
6509,2
5904,2
7236,2
6577,2
4054,2
3742,2
2706,2
5304,2
1886,2
7429,2
7381,2
4594,2
1662,2
5564,2
5386,2
247,2
2877,2
1297,2
1545,2
1024,2
7129,2
1163,2
351,2
6688,2
286,2
2676,2
7730,2
5114,2
6872,2
5038,2
2691,2
6810,2
3903,2
2268,2
7747,2
3795,2
5938,2
763,2
1728,2
93,2
1483,2
2024,2
6547,2
4690,2
33,2
6333,2
2885,2
2132,2
245,2
1562,2
414,2
710,2
1480,2
7416,2
1281,2
5002,2
4438,2
6404,2
2412,2
4634,2
1103,2
1203,2
7247,2
7484,2
6050,1
4848,2
4273,2
2812,2
6385,2
3377,2
7844,2
3593,2
2906,2
642,1
6433,2
7634,1
3941,2
4684,2
2036,2
2002,2
2802,2
647,2
4546,2
1561,2
852,2
794,2
2138,2
4800,2
3971,2
7636,1
172,2
6435,2
5365,2
3065,2
1429,2
960,2
982,2
7802,2
1253,2
7337,2
4564,2
2991,2
3803,2
4574,2
6536,2
1009,2
1784,2
7550,2
2842,2
2986,2
2157,2
7472,2
6162,2
4343,2
7600,2
315,2
5952,2
1888,2
4251,2
3263,2
4936,2
7579,2
3043,2
4710,2
6581,2
4414,1
6598,2
7695,2
4412,1
5202,2
1992,2
4773,2
1033,2
4466,2
1172,2
5786,2
8,2
5394,2
7334,2
5597,2
1374,2
5277,2
5812,2
7772,2
811,2
4436,2
7626,2
1129,2
1971,2
7002,2
4084,2
756,2
1426,2
748,2
5184,2
4818,2
7155,2
2650,2
879,2
23,2
7456,2
176,2
6779,2
3078,2
3824,2
87,2
4991,2
534,2
2510,1
3381,2
5065,2
198,2
3710,2
5830,2
1041,2
6638,2
3121,2
7477,2
5213,2
2418,2
1732,2
2112,2
5809,2
6204,2
4190,2
5444,2
447,2
5901,2
1242,2
3396,2
5755,2
6707,2
7678,2
5969,2
2646,2
6773,2
322,2
6972,2
6127,2
4743,2
486,2
2226,2
3589,2
893,2
5970,2
6249,2
3126,2
3128,2
4471,2
6389,2
5057,2
5707,2
3038,2
478,2
7199,2
3424,2
1922,2
6054,2
4254,2
2029,2
4140,2
5090,2
1346,2
1489,2
1430,2
1084,2
3279,2
2517,2
2492,2
641,1
4498,2
7287,2
3660,2
518,2
2080,2
3950,2
1501,2
7617,2
5306,2
1514,2
4434,2
3182,2
7567,2
1425,2
5649,2
1188,2
7409,2
1199,2
4421,2
3303,2
3033,2
1039,2
7414,2
7625,2
6793,2
6311,2
1057,2
100,2
1566,2
3395,2
3529,2
5810,2
2835,2
3728,2
4051,2
2534,2
1317,2
4526,2
6824,2
5013,2
4591,2
1554,2
1979,2
2022,2
7712,2
4601,2
2827,2
3003,2
95,2
5356,2
1649,2
4961,2
1758,2
4708,2
4896,2
4404,1
6840,2
14,2
2697,2
881,2
6266,2
5438,2
5260,2
6849,2
6567,2
5717,2
7851,2
908,2
5048,2
1706,2
308,2
4210,2
4507,2
5819,2
1174,2
6174,2
3984,2
4338,2
7444,2
1383,2
2317,2
7095,1
1880,2
681,2
2515,2
2481,2
1407,2
5551,2
694,2
601,2
2436,2
2531,2
6134,2
1405,2
3203,2
965,1
5077,2
5589,2
1872,2
4928,2
6043,1
56,2
6412,2
1197,2
6591,2
737,2
3297,2
2018,2
1175,2
7089,1
7822,1
58,2
2796,2
3135,1
3204,2
4984,2
445,2
5234,2
5265,2
6121,2
5594,2
5931,2
7317,2
500,2
752,2
1320,2
7715,2
5676,2
4482,2
7583,2
3949,1
5884,2
26,2
1046,2
3207,2
3142,2
7608,2
2499,2
503,2
4663,2
3939,2
1807,2
2423,2
3658,2
701,2
6813,2
6146,2
4103,2
550,2
4610,2
1558,2
3194,2
4098,2
1768,2
230,2
2098,2
6921,2
2373,2
3910,2
5440,2
2338,2
4043,2
401,2
3011,2
1038,2
6253,1
5666,2
3641,2
6495,2
7647,1
734,2
6169,2
3217,2
7110,1
4525,2
6791,2
2592,2
4099,2
2457,2
2572,2
6408,2
1406,2
1373,2
798,2
3289,2
4647,2
3784,2
2470,2
3017,2
3534,2
4110,2
554,2
4395,2
5687,2
937,2
1703,2
7413,2
7733,2
7262,2
5767,2
3213,2
4354,2
4323,2
1839,1
6259,1
472,2
4706,2
457,2
743,2
5527,2
6324,2
5774,2
3290,2
7424,2
3245,2
5108,2
263,2
5062,2
7610,2
3527,2
5896,1
5956,2
408,2
6915,2
7841,2
3932,2
6234,2
6714,2
5374,2
7759,2
5714,2
7237,2
927,2
2937,2
625,1
6712,2
6747,2
1730,2
1370,2
3316,2
7294,2
7288,2
4955,2
251,2
4791,1
199,2
2063,2
5756,2
6706,2
3933,2
2348,2
429,2
217,2
4608,2
6380,2
2114,2
1915,2
1055,2
3322,2
5652,2
3131,2
1454,2
